{
    "B3Pc7eh3hv3H1CzD": [
        "wynell",
        "guess who am i"
    ],
    "quw3jUv0P771088A": [
        "dreamsniper"
    ],
    "eshEJLsjpOICUeSM": [
        "genetow"
    ],
    "nzjnNxD4aJBrhwlz": [
        "bomba gamerz"
    ],
    "3aJUWIKFsaHgfP8y": [
        "cuftica"
    ],
    "XgAIltsHerOMIp7z": [
        "snaaks"
    ],
    "fk39nZdp5YAoMoSt": [
        "hutdude",
        "hutty"
    ],
    "Pm8SPk3LkEw3RH8P": [
        "sado",
        "🌜"
    ],
    "hBiBvzmYzyVvkR7n": [],
    "xKfRdL2TsOB6V5I5": [],
    "HLp1BK86T4wLIRNg": [],
    "d8GW5BbFWY1qPtC5": [],
    "9uHCnUsCk1HtAw55": [],
    "XXmQq6YWeFGC54I7": [],
    "314kBO8PCxZHPP3k": [],
    "Eav6Js22Ryo2X8bu": [],
    "SBFOvDyBbEvzwZjN": [],
    "Wh3nb0zrQT3UD8UH": [],
    "NJDk4HmhRbrXVyIE": [],
    "qVbvHaCcf3LwZ0mD": [],
    "kOnXPFuMdUTcXZkQ": [],
    "Bm8GrLee4R2kgn5w": [],
    "8l1xCoTqjJx4jnFv": [],
    "KBFu5ryZPNAzkwzi": [],
    "YXi0CsAeWKzukfBr": [],
    "OypHDcs1gD0F6br5": [],
    "KQXYQI0a9LCzfeyV": [],
    "kayIZMeIos4zFnoq": [],
    "oQZryCZ4FlPdUKEG": [],
    "wOOxmsuoUId2enZ2": [],
    "NSTUMNY134J9jz24": [],
    "as229lyG1rjIpYlR": [],
    "PDRArsaCdewIygBL": [],
    "D5Zo2nShPFrQUcAn": [],
    "223wtwXaJ97qCcN2": [],
    "HiNjpM4yjysMc1iI": [],
    "vu07hVYVfs4t01Ns": [],
    "LiHW3ViEdcFb4VVm": [],
    "Ttp2U3xqUnKTgftt": [],
    "nrP65NmKVfz0GH48": [],
    "SxVClE2wc0iZGDWd": [],
    "2a5rCLsMW4PHSg13": [],
    "yRPlL6wI01IPSv1A": [],
    "X0Lbs394Hg36uaHA": [],
    "sAnfPnZcWY5Azeii": [],
    "XPVf9IIz2LjammDo": [],
    "AKVePN7uc88kJpWk": [],
    "QRD7ooYelBxr6Rts": [],
    "WbEVCzOyczsOc9T1": [],
    "NQDf6P448CYvhxDv": [],
    "KuoXJzS5A42exiZs": [],
    "n6bYPp2P4m6qZjvE": [],
    "GoBpZx3ksK34AbpY": [],
    "nFWTze0kevz8zoSF": [],
    "yuM07VZSjJL8sHwr": [],
    "KWcLBStn8TTWRhuo": [],
    "iXdFs4H3sK9VjGVt": [],
    "NkwvPCoBVka1dyjf": [],
    "C1BpYWN8R36THTy0": [],
    "NX8hKuBewBHdkuUN": [],
    "SdQoaSN3sLoao6tB": [],
    "mcwfnzsaRGJmUT22": [],
    "w0zrn5WI85JoBPD5": [],
    "yVP1gapermEPhUtg": []
}